VEHICLE TYPE,MAKE,GENERIC MODEL,BODY TYPE,BATTERY TYPE,CAPACITY(KWH),2021,2020,2019,2018,2017,2016,2015,2014,2013,2012,2011,2010,TOTAL
BUSES AND COACHES,BYD,BYD ENVIRO,ELECTRIC BUS,LITHIUM IRON PHOSPHATE,324,349,190,47,0,0,0,0,0,0,0,0,0,586
BUSES AND COACHES,WRIGHTBUS,WRIGHTBUS STREETDECK,DOUBLE-DECKER BUS,LITHIUM-ION,288,0,0,0,0,0,0,0,0,0,0,0,0,0
BUSES AND COACHES,YUTONG,YUTONG E12,ELECTRIC BUS,LITHIUM-ION,314,93,0,0,0,0,0,0,0,0,0,0,0,93
BUSES AND COACHES,OPTARE,OPTARE SOLO,ELECTRIC BUS,LITHIUM-ION,91,0,0,0,0,0,0,5,27,0,6,0,0,38
BUSES AND COACHES,YUTONG,YUTONG TC12,COACH/MINIBUS,LITHIUM-ION,258,0,16,0,0,0,0,0,0,0,0,0,0,16
BUSES AND COACHES,CAETANO,CAETANO CITY,ELECTRIC BUS,LITHIUM-ION,316,0,35,0,0,0,0,0,0,0,0,0,0,35
BUSES AND COACHES,OPTARE,OPTARE METRODECKER,ELECTRIC BUS,LITHIUM TITANATE,75,33,27,26,0,0,0,0,0,0,0,0,0,86
BUSES AND COACHES,OPTARE,OPTARE VERSA,ELECTRIC BUS,LITHIUM-ION,91,0,0,0,0,0,0,13,0,10,0,0,0,23
BUSES AND COACHES,WRIGHTBUS,WRIGHTBUS ELECTROCITY,ELECTRIC BUS,LITHIUM-ION,180,0,0,0,0,6,0,0,0,0,0,0,0,6
BUSES AND COACHES,WRIGHTBUS,WRIGHTBUS STREETDECK,DOUBLE-DECKER BUS,LITHIUM-ION,288,15,5,0,0,0,0,0,0,0,0,0,0,20
BUSES AND COACHES,WRIGHTBUS,WRIGHTBUS STREETLITE,ELECTRIC BUS,LITHIUM-ION,180,0,0,0,0,0,0,0,0,8,0,0,0,8
BUSES AND COACHES,YUTONG,YUTONG E10,ELECTRIC BUS,LITHIUM-ION,258,0,0,0,0,0,0,0,0,0,0,0,0,0
BUSES AND COACHES,YUTONG,YUTONG TC9,COACH/MINIBUS,LITHIUM-ION,230,0,18,0,0,0,0,0,0,0,0,0,0,18
CARS,TESLA,TESLA MODEL Y,SUV,LITHIUM-ION,87.5,0,0,0,0,0,0,0,0,0,0,0,0,0
CARS,KIA,KIA NIRO,SUV,LITHIUM-ION,51.6,12268,6535,681,0,0,0,0,0,0,0,0,0,19484
CARS,NISSAN,NISSAN LEAF,ELECTRIC CAR,LITHIUM-ION,51,9069,8233,5280,5415,5667,4665,5240,4051,1814,695,640,0,50769
CARS,TESLA,TESLA MODEL 3,SEDAN,LITHIUM-ION,62.5,34786,22349,10649,0,0,0,0,0,0,0,0,0,67784
CARS,HYUNDAI,HYUNDAI IONIQ,HATCHBACK,LITHIUM-ION,38.45,5401,2735,473,443,250,69,0,0,0,0,0,0,9371
CARS,VOLKSWAGEN,VOLKSWAGEN ID3,ELECTRIC CAR,LITHIUM-ION,61,10984,4836,0,0,0,0,0,0,0,0,0,0,15820
CARS,FORD,FORD KUGA,SUV,LITHIUM-ION,16.45,6139,2633,0,0,0,0,0,0,0,0,0,0,8772
CARS,MG,MG 5,HATCHBACK,LITHIUM-ION,61.1,5073,273,0,0,0,0,0,0,0,0,0,0,5346
CARS,MINI,MINI COOPER,HATCHBACK,LITHIUM-ION,28.9,6579,3350,11,0,0,0,0,0,0,0,0,0,9940
CARS,MG,MG ZS,SUV,LITHIUM-ION,44.5,5379,5588,657,0,0,0,0,0,0,0,0,0,11624
CARS,CUPRA,CUPRA BORN,HATCHBACK,LITHIUM-ION,61,0,0,0,0,0,0,0,0,0,0,0,0,0
CARS,BMW,BMW IX3,SUV,LITHIUM-ION,74,3072,0,0,0,0,0,0,0,0,0,0,0,3072
CARS,HYUNDAI,HYUNDAI KONA,SUV,LITHIUM-ION,39.2,7197,4248,863,222,0,0,0,0,0,0,0,0,12530
CARS,AUDI,AUDI E-TRON,SUV,LITHIUM-ION,83,7904,5899,1112,0,0,0,0,0,0,0,0,0,14915
CARS,VAUXHALL,VAUXHALL MOKKA,SUV,LITHIUM-ION,53.35,2668,0,0,0,0,0,0,0,0,0,0,0,2668
CARS,SKODA,SKODA ENYAQ,SUV,LITHIUM-ION,72,3251,0,0,0,0,0,0,0,0,0,0,0,3251
CARS,RENAULT,RENAULT ZOE,ELECTRIC CAR,LITHIUM-ION,53.5,5750,6360,2380,1981,1174,1760,2053,1015,376,0,0,0,22849
CARS,JAGUAR,JAGUAR I-PACE,SUV,LITHIUM-ION,92.1,5204,8298,4195,836,0,0,0,0,0,0,0,0,18533
CARS,BMW,BMW I4,SEDAN,LITHIUM-ION,80.7,94,0,0,0,0,0,0,0,0,0,0,0,94
CARS,PEUGEOT,PEUGEOT 2008,SUV,LITHIUM-ION,57,4757,1800,0,0,0,0,0,0,0,0,0,0,6557
CARS,MERCEDES,MERCEDES EQC CLASS,SUV,LITHIUM-ION,80,4250,3098,151,0,0,0,0,0,0,0,0,0,7499
CARS,BMW,BMW 3 SERIES,SEDAN,LITHIUM-ION,63.05,10987,9408,4491,4616,5871,3510,0,0,0,0,0,0,38883
CARS,AUDI,AUDI Q4,SUV,LITHIUM-ION,64.9,3858,0,0,0,0,0,0,0,0,0,0,0,3858
CARS,LAND ROVER,LAND ROVER RANGE ROVER EVOQUE,SUV,LITHIUM-ION,47.5,4535,1191,0,0,0,0,0,0,0,0,0,0,5726
CARS,PEUGEOT,PEUGEOT 208,HATCHBACK,LITHIUM-ION,57,4318,2740,0,0,0,0,0,0,0,0,0,0,7058
CARS,BMW,BMW IX,SUV,LITHIUM-ION,100,399,0,0,0,0,0,0,0,0,0,0,0,399
CARS,BMW,BMW X5,SUV,LITHIUM-ION,67.75,3700,1470,336,0,0,0,0,0,0,0,0,0,5506
CARS,FORD,FORD MUSTANG MACH-E,SUV,LITHIUM-ION,78,2739,37,0,0,0,0,0,0,0,0,0,0,2776
CARS,POLESTAR,POLESTAR 2,ELECTRIC CAR,LITHIUM-ION,78,4094,848,0,0,0,0,0,0,0,0,0,0,4942
CARS,VOLKSWAGEN,VOLKSWAGEN ID4,SUV,LITHIUM-ION,67,4485,0,0,0,0,0,0,0,0,0,0,0,4485
CARS,KIA,KIA EV6,ELECTRIC CAR,LITHIUM-ION,67.7,920,0,0,0,0,0,0,0,0,0,0,0,920
CARS,VOLVO,VOLVO XC40,SUV,LITHIUM-ION,84,6345,3549,0,0,0,0,0,0,0,0,0,0,9894
CARS,FIAT,FIAT 500,HATCHBACK,LITHIUM-ION,42,2630,0,0,0,0,0,0,0,0,0,0,0,2630
CARS,AUDI,AUDI A3,SEDAN,LITHIUM-ION,58,5752,1420,0,531,637,567,1198,66,0,0,0,0,10171
CARS,MERCEDES,MERCEDES EQA CLASS,SUV,LITHIUM-ION,66.5,5109,0,0,0,0,0,0,0,0,0,0,0,5109
CARS,HYUNDAI,HYUNDAI TUCSON,SUV,LITHIUM-ION,64,882,0,0,0,0,0,0,0,0,0,0,0,882
CARS,VAUXHALL,VAUXHALL CORSA,HATCHBACK,LITHIUM-ION,50,5607,2857,0,0,0,0,0,0,0,0,0,0,8464
CARS,VOLVO,VOLVO XC90,SUV,LITHIUM-ION,78,2546,1608,1573,1169,1793,1600,38,0,0,0,0,0,10327
CARS,KIA,KIA SPORTAGE,SUV,LITHIUM-ION,77.4,0,0,0,0,0,0,0,0,0,0,0,0,0
CARS,CITROEN,CITROEN C4,HATCHBACK,LITHIUM-ION,50,1346,0,0,0,0,0,0,0,0,0,0,0,1346
CARS,VOLKSWAGEN,VOLKSWAGEN ID5,ELECTRIC CAR,LITHIUM-ION,58,0,0,0,0,0,0,0,0,0,0,0,0,0
CARS,MERCEDES,MERCEDES EQB CLASS,SUV,LITHIUM-ION,66.5,0,0,0,0,0,0,0,0,0,0,0,0,0
CARS,MERCEDES,MERCEDES CLA CLASS,SEDAN,LITHIUM-ION,66.5,1469,1001,0,0,0,0,0,0,0,0,0,0,2470
CARS,BMW,BMW I3,ELECTRIC CAR,LITHIUM-ION,42.2,3597,4448,4093,1209,981,593,603,556,94,0,0,0,16174
CARS,NISSAN,NISSAN ARIYA,SUV,LITHIUM-ION,63,0,0,0,0,0,0,0,0,0,0,0,0,0
CARS,VOLKSWAGEN,VOLKSWAGEN GOLF,HATCHBACK,LITHIUM-ION,35.8,1682,1441,6,3334,2409,1893,1380,0,0,0,0,0,12145
CARS,PORSCHE,PORSCHE TAYCAN,ELECTRIC CAR,LITHIUM-ION,79.2,4018,3128,0,0,0,0,0,0,0,0,0,0,7146
CARS,MG,MG 4,HATCHBACK,LITHIUM-ION,44.5,0,0,0,0,0,0,0,0,0,0,0,0,0
CARS,MINI,MINI COUNTRYMAN,SUV,LITHIUM-ION,29.7,2435,2103,3772,2305,974,0,0,0,0,0,0,0,11589
CARS,TOYOTA,TOYOTA RAV4,SUV,LITHIUM-ION,40.4,1552,0,0,0,0,0,0,0,0,0,0,0,1552
CARS,LAND ROVER,LAND ROVER DISCOVERY,SUV,LITHIUM-ION,90,2497,557,0,0,0,0,0,0,0,0,0,0,3054
CARS,VOLVO,VOLVO XC40,SUV,LITHIUM-ION,84,1798,0,0,0,0,0,0,0,0,0,0,0,1798
CARS,BMW,BMW 5 SERIES,SEDAN,LITHIUM-ION,71,2112,1318,4355,6571,1982,0,0,0,0,0,0,0,16338
CARS,MERCEDES,MERCEDES GLE CLASS,SUV,LITHIUM-ION,80,1274,480,0,0,0,0,0,0,0,0,0,0,1754
CARS,KIA,KIA NIRO,SUV,LITHIUM-ION,51.6,2281,2059,1091,1271,295,0,0,0,0,0,0,0,6997
CARS,AUDI,AUDI Q3,SUV,LITHIUM-ION,51.5,553,0,0,0,0,0,0,0,0,0,0,0,553
CARS,VOLVO,VOLVO XC60,SUV,LITHIUM-ION,78,3537,2072,1005,882,178,0,0,0,0,0,0,0,7674
CARS,MG,MG HS,SUV,LITHIUM-ION,44.5,1623,174,0,0,0,0,0,0,0,0,0,0,1797
CARS,LEXUS,LEXUS NX 450,SUV,LITHIUM-ION,74.6,0,0,0,0,0,0,0,0,0,0,0,0,0
CARS,BMW,BMW X3,SUV,LITHIUM-ION,80,2392,736,0,0,0,0,0,0,0,0,0,0,3128
CARS,VOLKSWAGEN,VOLKSWAGEN TIGUAN,SUV,LITHIUM-ION,77,354,0,0,0,0,0,0,0,0,0,0,0,354
CARS,JEEP,JEEP COMPASS,SUV,LITHIUM-ION,11.4,48,0,0,0,0,0,0,0,0,0,0,0,48
CARS,VOLVO,VOLVO C40,SUV,LITHIUM-ION,78,29,0,0,0,0,0,0,0,0,0,0,0,29
CARS,MERCEDES,MERCEDES EQS CLASS,SEDAN,LITHIUM-ION,98.5,7,0,0,0,0,0,0,0,0,0,0,0,7
CARS,JAGUAR,JAGUAR F-PACE,SUV,LITHIUM-ION,90,719,0,0,0,0,0,0,0,0,0,0,0,719
CARS,MERCEDES,MERCEDES EQE CLASS,SEDAN,LITHIUM-ION,90,0,0,0,0,0,0,0,0,0,0,0,0,0
CARS,KIA,KIA SOUL,SUV,LITHIUM-ION,64,1136,884,30,423,215,157,129,20,0,0,0,0,2994
CARS,VOLKSWAGEN,VOLKSWAGEN PASSAT,SEDAN,LITHIUM-ION,13,1081,955,270,1618,1445,183,0,0,0,0,0,0,5552
CARS,PEUGEOT,PEUGEOT 3008,SUV,LITHIUM-ION,55,2295,1076,0,0,0,0,0,0,0,0,0,0,3371
CARS,MAZDA,MAZDA MX-30,SUV,LITHIUM-ION,35.5,2042,0,0,0,0,0,0,0,0,0,0,0,2042
CARS,JAGUAR,JAGUAR E-PACE,SUV,LITHIUM-ION,90,500,0,0,0,0,0,0,0,0,0,0,0,500
CARS,GENESIS,GENESIS GV60,SUV,LITHIUM-ION,77.4,0,0,0,0,0,0,0,0,0,0,0,0,0
CARS,MERCEDES,MERCEDES GLA CLASS,SUV,LITHIUM-ION,66.5,1677,394,0,0,0,0,0,0,0,0,0,0,2071
CARS,BMW,BMW X2,SUV,LITHIUM-ION,62,1027,185,0,0,0,0,0,0,0,0,0,0,1212
CARS,PEUGEOT,PEUGEOT 308,HATCHBACK,LITHIUM-ION,55,0,0,0,0,0,0,0,0,0,0,0,0,0
CARS,CITROEN,CITROEN C5,SEDAN,LITHIUM-ION,50,682,284,0,0,0,0,0,0,0,0,0,0,966
CARS,SKODA,SKODA OCTAVIA,SEDAN,LITHIUM-ION,67.7,2173,18,0,0,0,0,0,0,0,0,0,0,2191
CARS,PORSCHE,PORSCHE CAYENNE,SUV,LITHIUM-ION,14.1,455,444,822,285,0,0,0,0,0,0,0,0,2006
CARS,HYUNDAI,HYUNDAI SANTA FE,SUV,LITHIUM-ION,13.8,186,0,0,0,0,0,0,0,0,0,0,0,186
CARS,HYUNDAI,HYUNDAI IONIQ,HATCHBACK,LITHIUM-ION,38.45,703,895,888,987,315,0,0,0,0,0,0,0,3788
CARS,DS,DS DS4,HATCHBACK,LITHIUM-ION,50,0,0,0,0,0,0,0,0,0,0,0,0,0
CARS,DS,DS DS7,SUV,LITHIUM-ION,13.2,214,154,0,0,0,0,0,0,0,0,0,0,368
CARS,VAUXHALL,VAUXHALL GRANDLAND,SUV,LITHIUM-ION,13.2,134,1405,0,0,0,0,0,0,0,0,0,0,1539
CARS,VOLKSWAGEN,VOLKSWAGEN ARTEON,SEDAN,LITHIUM-ION,13,191,0,0,0,0,0,0,0,0,0,0,0,191
CARS,HONDA,HONDA E,HATCHBACK,LITHIUM-ION,35.5,697,992,0,0,0,0,0,0,0,0,0,0,1689
CARS,KIA,KIA SORENTO,SUV,LITHIUM-ION,13.8,654,0,0,0,0,0,0,0,0,0,0,0,654
CARS,VOLVO,VOLVO V60,STATION WAGON,LITHIUM-ION,11.6,874,335,47,0,0,0,0,0,0,0,0,0,1256
CARS,AUDI,AUDI Q5,SUV,LITHIUM-ION,14.1,2397,1678,404,0,0,0,0,0,0,0,0,0,4479
CARS,PORSCHE,PORSCHE PANAMERA,SEDAN,LITHIUM-ION,17.9,253,114,510,618,681,177,198,188,90,0,0,0,2829
CARS,CITROEN,CITROEN BERLINGO,MINIVAN/VAN,LITHIUM-ION,50,71,0,0,0,0,0,0,0,0,0,0,0,71
CARS,PEUGEOT,PEUGEOT 508,SEDAN,LITHIUM-ION,11.8,347,578,0,0,0,0,0,0,0,0,0,0,925
CARS,RENAULT,RENAULT CAPTUR,SUV,LITHIUM-ION,9.8,597,212,0,0,0,0,0,0,0,0,0,0,809
CARS,SMART,SMART FORTWO,ELECTRIC CAR,LITHIUM-ION,17.6,838,621,388,288,116,0,18,114,82,9,114,59,2647
CARS,TOYOTA,TOYOTA PRIUS,HYBRID CAR,NICKEL-METAL HYDRIDE (NIMH),1.3,470,752,708,769,421,96,270,379,506,467,0,20,4858
CARS,LEXUS,LEXUS UX 300,SUV,LITHIUM-ION,54.3,1077,0,0,0,0,0,0,0,0,0,0,0,1077
CARS,BMW,BMW 7 SERIES,SEDAN,LITHIUM-ION,12,367,257,345,236,384,125,0,0,0,0,0,0,1714
CARS,SUZUKI,SUZUKI ACROSS,SUV,LITHIUM-ION,18.1,126,140,0,0,0,0,0,0,0,0,0,0,266
CARS,VAUXHALL,VAUXHALL COMBO,MINIVAN/VAN,LITHIUM-ION,50,18,0,0,0,0,0,0,0,0,0,0,0,18
CARS,BMW,BMW X1,SUV,LITHIUM-ION,11.45,2067,808,0,0,0,0,0,0,0,0,0,0,2875
CARS,VOLVO,VOLVO V90,STATION WAGON,LITHIUM-ION,22.8,206,113,177,134,42,0,0,0,0,0,0,0,672
CARS,VAUXHALL,VAUXHALL VIVARO,MINIVAN/VAN,LITHIUM-ION,62.5,412,25,0,0,0,0,0,0,0,0,0,0,437
CARS,VOLVO,VOLVO S60,SEDAN,LITHIUM-ION,11,77,136,60,0,0,0,0,0,0,0,0,0,273
CARS,LAND ROVER,LAND ROVER DEFENDER,SUV,LITHIUM-ION,52.1,0,0,0,0,0,0,0,0,0,0,0,0,0
CARS,JEEP,JEEP RENEGADE,SUV,LITHIUM-ION,13.2,620,155,0,0,0,0,0,0,0,0,0,0,775
CARS,VOLVO,VOLVO S90,SEDAN,LITHIUM-ION,11,237,85,107,57,27,0,0,0,0,0,0,0,513
CARS,VOLKSWAGEN,VOLKSWAGEN TOUAREG,SUV,LITHIUM-ION,15.9,40,0,0,0,0,0,0,0,0,0,0,0,40
CARS,SKODA,SKODA SUPERB,SEDAN,LITHIUM-ION,25,1634,1217,0,0,0,0,0,0,0,0,0,0,2851
CARS,VOLKSWAGEN,VOLKSWAGEN UP,HATCHBACK,LITHIUM-ION,16.8,1383,245,0,23,12,18,27,92,30,0,0,0,1830
CARS,PEUGEOT,PEUGEOT RIFTER,MINIVAN/VAN,LITHIUM-ION,22.5,11,0,0,0,0,0,0,0,0,0,0,0,11
CARS,GENESIS,GENESIS GV70,SUV,LITHIUM-ION,58,0,0,0,0,0,0,0,0,0,0,0,0,0
CARS,MERCEDES,MERCEDES VITO,MINIVAN/VAN,LITHIUM-ION,50.7,133,93,10,0,0,0,0,0,0,0,0,0,236
CARS,PEUGEOT,PEUGEOT 3008,SUV,LITHIUM-ION,55,0,0,0,0,0,0,0,0,0,0,0,0,0
CARS,CUPRA,CUPRA LEON,HATCHBACK,LITHIUM-ION,57.2,528,52,0,0,0,0,0,0,0,0,0,0,580
CARS,CITROEN,CITROEN SPACETOURER,MINIVAN/VAN,LITHIUM-ION,62.5,33,0,0,0,0,0,0,0,0,0,0,0,33
CARS,MERCEDES,MERCEDES AMG CLASS,SEDAN,LITHIUM-ION,10.1,0,0,0,0,0,0,0,0,0,0,0,0,0
CARS,MERCEDES,MERCEDES E CLASS,SEDAN,LITHIUM-ION,21.1,966,1196,970,0,0,0,0,0,0,0,0,0,3132
CARS,VAUXHALL,VAUXHALL ASTRA,HATCHBACK,LITHIUM-ION,11.95,0,0,0,0,0,0,0,0,0,0,0,0,0
CARS,BMW,BMW 2 SERIES,SEDAN,LITHIUM-ION,11.45,252,573,1549,1753,1002,477,0,0,0,0,0,0,5606
CARS,AUDI,AUDI A8,SEDAN,LITHIUM-ION,15.7,58,19,0,0,0,0,0,0,0,0,0,0,77
CARS,AUDI,AUDI Q7,SUV,LITHIUM-ION,18.25,530,264,0,0,0,0,0,0,0,0,0,0,794
CARS,CUPRA,CUPRA FORMENTOR,SUV,LITHIUM-ION,45.2,2011,0,0,0,0,0,0,0,0,0,0,0,2011
CARS,AUDI,AUDI A6,SEDAN,LITHIUM-ION,16,526,363,0,0,0,0,0,0,0,0,0,0,889
CARS,PEUGEOT,PEUGEOT TRAVELLER,MINIVAN/VAN,LITHIUM-ION,62.5,87,0,0,0,0,0,0,0,0,0,0,0,87
CARS,MERCEDES,MERCEDES E CLASS,SEDAN,LITHIUM-ION,21.1,234,214,346,604,1010,23,0,0,0,0,0,0,2431
CARS,MERCEDES,MERCEDES EQV CLASS,MINIVAN/VAN,LITHIUM-ION,90,489,93,0,0,0,0,0,0,0,0,0,0,582
CARS,TESLA,TESLA MODEL S,ELECTRIC CAR,LITHIUM-ION,87.5,18,904,1231,1887,2640,2455,1470,717,0,0,0,0,11322
CARS,FORD,FORD TOURNEO,MINIVAN/VAN,LITHIUM-ION,58.5,0,10,0,0,0,0,0,0,0,0,0,0,10
CARS,AUDI,AUDI Q8,SUV,LITHIUM-ION,18.8,130,0,0,0,0,0,0,0,0,0,0,0,130
CARS,DS,DS DS9,SEDAN,LITHIUM-ION,13.75,15,0,0,0,0,0,0,0,0,0,0,0,15
CARS,GENESIS,GENESIS G80,SEDAN,LITHIUM-ION,77.4,0,0,0,0,0,0,0,0,0,0,0,0,0
CARS,NISSAN,NISSAN NV200,MINIVAN/VAN,LITHIUM-ION,40,398,275,237,73,132,120,97,24,0,0,0,0,1356
CARS,RENAULT,RENAULT TWIZY,ELECTRIC CAR,LITHIUM-ION,6.1,0,0,0,28,12,50,97,47,125,283,0,0,642
CARS,SEAT,SEAT LEON,HATCHBACK,LITHIUM-ION,57.15,2197,868,0,0,0,0,0,0,0,0,0,0,3065
CARS,SSANGYONG,SSANGYONG KORANDO,SUV,LITHIUM-ION,52.5,8,0,0,0,0,0,0,0,0,0,0,0,8
CARS,TESLA,TESLA MODEL X,SUV,LITHIUM-ION,87.5,50,1526,1284,1479,2115,42,0,0,0,0,0,0,6496
CARS,VOLKSWAGEN,VOLKSWAGEN GOLF,HATCHBACK,LITHIUM-ION,35.8,49,2692,3835,980,87,36,76,53,0,0,0,0,7808
CARS,AUDI,AUDI A7,SEDAN,LITHIUM-ION,15.7,74,161,0,0,0,0,0,0,0,0,0,0,235
CARS,AUDI,AUDI Q7,SUV,LITHIUM-ION,18.25,0,0,0,192,296,69,0,0,0,0,0,0,557
CARS,BMW,BMW I3,ELECTRIC CAR,LITHIUM-ION,42.2,0,0,250,2171,2503,1925,1604,831,84,0,0,0,9368
CARS,BMW,BMW I8,SPORTS CAR,LITHIUM-ION,11.6,0,94,332,504,351,650,850,294,0,0,0,0,3075
CARS,BMW,BMW M5,SEDAN,LITHIUM-ION,14,0,0,0,0,8,0,0,0,0,0,0,0,8
CARS,CHEVROLET,CHEVROLET VOLT,ELECTRIC CAR,LITHIUM-ION,18.4,0,0,0,0,0,0,0,0,63,61,0,0,124
CARS,CITROEN,CITROEN C-ZERO,ELECTRIC CAR,LITHIUM-ION,14.5,0,0,0,0,0,24,0,0,63,110,46,0,243
CARS,FORD,FORD FOCUS,HATCHBACK,LITHIUM-ION,28.25,0,0,0,0,5,0,0,11,5,0,0,0,21
CARS,HYUNDAI,HYUNDAI IX35,SUV,LITHIUM-ION,24,0,0,0,0,0,0,5,0,0,0,0,0,5
CARS,KIA,KIA XCEED,HATCHBACK,LITHIUM-ION,44.5,94,139,0,0,0,0,0,0,0,0,0,0,233
CARS,KIA,KIA OPTIMA,SEDAN,LITHIUM-ION,12.53,0,41,144,147,220,238,0,0,0,0,0,0,790
CARS,LEVC,LEVC TX,SEDAN,LITHIUM-ION,31,0,5,0,0,0,0,0,0,0,0,0,0,5
CARS,MERCEDES,MERCEDES B CLASS,HATCHBACK,LITHIUM-ION,28,0,0,0,0,130,282,183,0,0,0,0,0,595
CARS,MERCEDES,MERCEDES B CLASS,HATCHBACK,LITHIUM-ION,28,332,81,0,0,0,0,0,0,0,0,0,0,413
CARS,MIA,MIA C,HATCHBACK,LITHIUM-POLYMER,12,0,0,0,0,0,0,0,0,8,0,0,0,8
CARS,MITSUBISHI,MITSUBISHI I-MIEV,ELECTRIC CAR,LITHIUM-ION,16,0,0,0,0,0,0,0,0,0,107,124,26,257
CARS,MITSUBISHI,MITSUBISHI OUTLANDER,SUV,LITHIUM-ION,12.9,1992,3414,5989,8556,7408,9372,11686,5362,0,0,0,0,53779
CARS,PEUGEOT,PEUGEOT 307,SEDAN,LEAD-ACID,22.5,0,0,0,0,0,0,0,0,0,0,23,0,23
CARS,PEUGEOT,PEUGEOT EXPERT,MINIVAN/VAN,LITHIUM-ION,62.5,0,0,0,0,0,0,0,0,0,0,0,7,7
CARS,PEUGEOT,PEUGEOT ION,ELECTRIC CAR,LITHIUM-ION,16,0,0,0,5,10,33,20,18,26,223,120,0,455
CARS,PORSCHE,PORSCHE 918,SPORTS CAR,LITHIUM-ION,6.8,0,0,0,0,0,0,53,6,0,0,0,0,59
CARS,RENAULT,RENAULT FLUENCE,SEDAN,LITHIUM-ION,22,0,0,0,0,0,0,0,0,7,64,0,0,71
CARS,REVA,REVA G-WIZ,ELECTRIC CAR,LEAD-ACID,13,0,0,0,0,0,0,0,0,0,0,7,21,28
CARS,SEAT,SEAT MII,HATCHBACK,LITHIUM-ION,36.8,1183,296,0,0,0,0,0,0,0,0,0,0,1479
CARS,SKODA,SKODA CITIGO,HATCHBACK,LITHIUM-ION,36.8,54,289,0,0,0,0,0,0,0,0,0,0,343
CARS,TESLA,TESLA ROADSTER,ELECTRIC CAR,LITHIUM-ION,61.5,0,0,0,0,0,0,0,0,0,8,19,47,74
CARS,TOYOTA,TOYOTA BZ4X,SUV,LITHIUM-ION,71,0,0,0,0,0,0,0,0,0,0,0,0,0
CARS,TOYOTA,TOYOTA PRIUS,HYBRID CAR,NICKEL-METAL HYDRIDE (NIMH),1.3,0,0,0,795,3673,2942,0,0,0,0,0,0,7410
CARS,VAUXHALL,VAUXHALL AMPERA,ELECTRIC CAR,LITHIUM-ION,16.6,0,0,0,0,0,0,108,529,251,452,0,0,1340
CARS,VOLKSWAGEN,VOLKSWAGEN XL1,HYBRID CAR,LITHIUM-ION,5.5,0,0,0,0,0,0,20,0,0,0,0,0,20
CARS,VOLVO,VOLVO V60,STATION WAGON,LITHIUM-ION,11.6,0,0,0,20,194,284,114,163,75,0,0,0,850
HEAVY GOODS VEHICLES,FORD,FORD TRANSIT,MINIVAN/VAN,LITHIUM-ION,79.5,0,0,0,0,0,0,0,0,0,0,0,0,0
HEAVY GOODS VEHICLES,FIAT,FIAT DUCATO,MINIVAN/VAN,LITHIUM-ION,63,0,0,0,0,0,0,0,0,0,0,0,0,0
HEAVY GOODS VEHICLES,MAXUS,MAXUS DELIVER,MINIVAN/VAN,LITHIUM-ION,61.75,27,0,0,0,0,0,0,0,0,0,0,0,27
HEAVY GOODS VEHICLES,MITSUBISHI FUSO,MITSUBISHI FUSO CANTER,MINIVAN/VAN,LITHIUM-ION,76,0,0,0,9,0,0,0,0,0,0,0,0,9
LIGHT GOODS VEHICLES,VAUXHALL,VAUXHALL VIVARO,MINIVAN/VAN,LITHIUM-ION,62.5,2752,266,0,0,0,0,0,0,0,0,0,0,3018
LIGHT GOODS VEHICLES,FORD,FORD TRANSIT,MINIVAN/VAN,LITHIUM-ION,79.5,0,6,0,0,0,0,0,0,0,0,0,0,6
LIGHT GOODS VEHICLES,MAXUS,MAXUS DELIVER,MINIVAN/VAN,LITHIUM-ION,61.75,1467,48,0,0,0,0,0,0,0,0,0,0,1515
LIGHT GOODS VEHICLES,PEUGEOT,PEUGEOT PARTNER,MINIVAN/VAN,LITHIUM-ION,50,28,10,198,120,153,34,33,24,0,0,0,0,600
LIGHT GOODS VEHICLES,PEUGEOT,PEUGEOT EXPERT,MINIVAN/VAN,LITHIUM-ION,62.5,937,60,0,0,0,0,0,0,0,0,0,0,997
LIGHT GOODS VEHICLES,MERCEDES,MERCEDES VITO,MINIVAN/VAN,LITHIUM-ION,50.7,1064,184,121,0,0,0,5,0,6,0,0,0,1380
LIGHT GOODS VEHICLES,TOYOTA,TOYOTA PROACE,MINIVAN/VAN,LITHIUM-ION,62.5,592,0,0,0,0,0,0,0,0,0,0,0,592
LIGHT GOODS VEHICLES,VAUXHALL,VAUXHALL COMBO,MINIVAN/VAN,LITHIUM-ION,50,160,0,0,0,0,0,0,0,0,0,0,0,160
LIGHT GOODS VEHICLES,LEVC,LEVC VN5,MINIVAN/VAN,LITHIUM-ION,31,347,21,0,0,0,0,0,0,0,0,0,0,368
LIGHT GOODS VEHICLES,MERCEDES,MERCEDES SPRINTER,MINIVAN/VAN,LITHIUM-ION,45,1144,953,0,0,0,0,0,0,0,0,0,0,2097
LIGHT GOODS VEHICLES,CITROEN,CITROEN BERLINGO,MINIVAN/VAN,LITHIUM-ION,50,12,21,72,72,36,16,0,0,0,0,0,0,229
LIGHT GOODS VEHICLES,CITROEN,CITROEN DISPATCH,MINIVAN/VAN,LITHIUM-ION,50,280,13,0,0,0,0,0,0,0,0,0,0,293
LIGHT GOODS VEHICLES,RENAULT,RENAULT KANGOO,MINIVAN/VAN,LITHIUM-ION,38.5,942,1157,957,307,163,135,103,225,173,259,33,0,4454
LIGHT GOODS VEHICLES,RENAULT,RENAULT ZOE,ELECTRIC CAR,LITHIUM-ION,53.5,505,14,0,0,0,0,0,0,0,0,0,0,519
LIGHT GOODS VEHICLES,FIAT,FIAT SCUDO,MINIVAN/VAN,LITHIUM-ION,50,0,0,0,0,0,0,0,0,0,0,0,0,0
LIGHT GOODS VEHICLES,FORD,FORD TRANSIT CUSTOM,MINIVAN/VAN,LITHIUM-ION,79.5,727,210,0,0,0,0,0,0,0,0,0,0,937
LIGHT GOODS VEHICLES,NISSAN,NISSAN NV200,MINIVAN/VAN,LITHIUM-ION,40,1575,2146,1629,589,796,759,639,381,0,0,0,0,8514
LIGHT GOODS VEHICLES,FIAT,FIAT DUCATO,MINIVAN/VAN,LITHIUM-ION,63,33,0,0,0,0,0,0,0,0,0,0,0,33
LIGHT GOODS VEHICLES,CITROEN,CITROEN RELAY,MINIVAN/VAN,LITHIUM-ION,53.5,109,0,0,0,0,0,0,0,0,0,0,0,109
LIGHT GOODS VEHICLES,DFSK,DFSK EC35,MINIVAN/VAN,LITHIUM-ION,50,0,0,0,0,0,0,0,0,0,0,0,0,0
LIGHT GOODS VEHICLES,ALKE,ALKE ATX,MINIVAN/VAN,LEAD-ACID,13424,7,0,0,0,0,0,0,0,0,0,0,0,7
LIGHT GOODS VEHICLES,RENAULT,RENAULT TWIZY,ELECTRIC CAR,LITHIUM-ION,6.1,17,8,36,0,0,0,0,0,0,0,0,0,61
LIGHT GOODS VEHICLES,MITSUBISHI,MITSUBISHI OUTLANDER,SUV,LITHIUM-ION,12.9,121,320,206,147,94,77,94,0,0,0,0,0,1059
MOTORCYCLES,SILENCE,SILENCE S SERIES,SCOOTER,LITHIUM-ION,5.6,97,0,0,0,0,0,0,0,0,0,0,0,97
MOTORCYCLES,YAMAHA,YAMAHA NEO'S,SCOOTER,LITHIUM-ION,0.54,0,0,0,0,0,0,0,0,0,0,0,0,0
MOTORCYCLES,KEEWAY,KEEWAY E-ZI,SCOOTER,LITHIUM-ION,1.8,88,0,0,0,0,0,0,0,0,0,0,0,88
MOTORCYCLES,NIU,NIU M SERIES,SCOOTER,LITHIUM-ION,2.25,152,139,131,5,0,0,0,0,0,0,0,0,427
MOTORCYCLES,VMOTO,VMOTO CUX,SCOOTER,LITHIUM-ION,1.5,124,90,51,0,0,0,0,0,0,0,0,0,265
MOTORCYCLES,YADEA,YADEA S-LIKE,SCOOTER,LITHIUM-ION,2.1,27,0,0,0,0,0,0,0,0,0,0,0,27
MOTORCYCLES,VMOTO,VMOTO TC1,SCOOTER,LITHIUM-ION,2.88,61,94,110,63,0,0,0,0,0,0,0,0,328
MOTORCYCLES,ELECTRIC MOTION,ELECTRIC MOTION EPURE,SCOOTER,LITHIUM-ION,3.9,106,0,0,0,0,0,0,0,0,0,0,0,106
MOTORCYCLES,HORWIN,HORWIN CR6,SCOOTER,LITHIUM-ION,3.24,28,31,0,0,0,0,0,0,0,0,0,0,59
MOTORCYCLES,VMOTO,VMOTO TS1,SCOOTER,LITHIUM-ION,2.4,60,44,0,0,0,0,0,0,0,0,0,0,104
MOTORCYCLES,YADEA,YADEA G5,SCOOTER,LITHIUM-ION,3,44,12,0,0,0,0,0,0,0,0,0,0,56
MOTORCYCLES,ASKOLL,ASKOLL ESPRO,SCOOTER,LITHIUM-ION,2.7,219,8,27,0,0,0,0,0,0,0,0,0,254
MOTORCYCLES,E-MAX,E-MAX LB1,SCOOTER,LITHIUM-ION,3.5,32,0,0,0,0,0,0,0,0,0,0,0,32
MOTORCYCLES,LEXMOTO,LEXMOTO LX,SCOOTER,LITHIUM-ION,2.25,9,0,0,0,0,0,0,0,0,0,0,0,9
MOTORCYCLES,SUNRA,SUNRA ROBO,SCOOTER,LITHIUM-ION,1.56,19,0,0,0,0,0,0,0,0,0,0,0,19
MOTORCYCLES,BMW,BMW CE,SCOOTER,LITHIUM-ION,3.2,0,0,0,0,0,0,0,0,0,0,0,0,0
MOTORCYCLES,VMOTO,VMOTO CUM,SCOOTER,LITHIUM-ION,1.56,0,0,0,0,0,0,0,0,0,0,0,0,0
MOTORCYCLES,HORWIN,HORWIN EK3,SCOOTER,LITHIUM-ION,4.32,48,0,0,0,0,0,0,0,0,0,0,0,48
MOTORCYCLES,LVNENG,LVNENG LX,SCOOTER,LITHIUM-ION,2.5,27,0,0,0,0,0,0,0,0,0,0,0,27
MOTORCYCLES,HORWIN,HORWIN EK1,SCOOTER,LITHIUM-ION,1.92,80,0,0,0,0,0,0,0,0,0,0,0,80
MOTORCYCLES,ZERO,ZERO S ZF,SCOOTER,LITHIUM-ION,10.8,30,17,0,0,0,0,0,0,0,0,0,0,47
MOTORCYCLES,LEXMOTO,LEXMOTO CYPHER,SCOOTER,LITHIUM-ION,2.88,17,0,0,0,0,0,0,0,0,0,0,0,17
MOTORCYCLES,PIAGGIO,PIAGGIO VESPA,SCOOTER,LITHIUM-ION,3.3,72,53,44,0,0,0,0,0,0,0,0,0,169
MOTORCYCLES,SAKURA,SAKURA JS2A,SCOOTER,LITHIUM-ION,2.3,39,12,0,0,0,0,0,0,0,0,0,0,51
MOTORCYCLES,ZERO,ZERO FX ZF,SCOOTER,LITHIUM-ION,5.4,7,5,0,0,0,0,0,0,0,0,0,0,12
MOTORCYCLES,ZERO,ZERO SRS ZF,SCOOTER,LITHIUM-ION,14.4,31,32,0,0,0,0,0,0,0,0,0,0,63
MOTORCYCLES,ARTISAN,ARTISAN EV 2000,SCOOTER,LITHIUM-ION,40,73,56,22,11,0,0,0,0,0,0,0,0,162
MOTORCYCLES,SUNRA,SUNRA MIKU,SCOOTER,LITHIUM-ION,0.6,18,0,0,0,0,0,0,0,0,0,0,0,18
MOTORCYCLES,UBCO,UBCO 2X2,SCOOTER,LITHIUM-ION,2.1,27,0,0,0,0,0,0,0,0,0,0,0,27
MOTORCYCLES,NIU,NIU U SERIES,SCOOTER,LITHIUM-ION,2.4,77,53,33,0,0,0,0,0,0,0,0,0,163
MOTORCYCLES,SUR-RON,SUR-RON STORM BEE,SCOOTER,LITHIUM-ION,2.6,0,0,0,0,0,0,0,0,0,0,0,0,0
MOTORCYCLES,DAYI MOTOR,DAYI MOTOR E-ODIN,SCOOTER,LITHIUM-ION,5,0,0,0,0,0,0,0,0,0,0,0,0,0
MOTORCYCLES,ZERO,ZERO SRF ZF,SCOOTER,LITHIUM-ION,14.4,37,6,18,0,0,0,0,0,0,0,0,0,61
MOTORCYCLES,BILIS,BILIS LX04,SCOOTER,LITHIUM-ION,2.56,16,0,0,0,0,0,0,0,0,0,0,0,16
MOTORCYCLES,COOPOP,COOPOP Q1,SCOOTER,LITHIUM-ION,2,14,0,0,0,0,0,0,0,0,0,0,0,14
MOTORCYCLES,MGB,MGB G1,SCOOTER,LITHIUM-ION,3,0,0,0,0,0,0,0,0,0,0,0,0,0
MOTORCYCLES,ELECTRIC MOTION,ELECTRIC MOTION ESCAPE,SCOOTER,LITHIUM-ION,6,14,0,0,0,0,0,0,0,0,0,0,0,14
MOTORCYCLES,MGB,MGB E4,SCOOTER,LITHIUM-ION,4,0,0,0,0,0,0,0,0,0,0,0,0,0
MOTORCYCLES,NIU,NIU MGT,SCOOTER,LITHIUM-ION,3.12,39,0,0,0,0,0,0,0,0,0,0,0,39
MOTORCYCLES,NIU,NIU N SERIES,SCOOTER,LITHIUM-ION,2.4,35,49,52,19,0,0,0,0,0,0,0,0,155
MOTORCYCLES,ARTISAN,ARTISAN JS,SCOOTER,LITHIUM-ION,19.2,5,5,0,0,0,0,0,0,0,0,0,0,10
MOTORCYCLES,LEXMOTO,LEXMOTO ZS,SCOOTER,LITHIUM-ION,2.9,160,35,0,0,0,0,0,0,0,0,0,0,195
MOTORCYCLES,VOGE,VOGE ER10,SCOOTER,LITHIUM-ION,4.2,0,0,0,0,0,0,0,0,0,0,0,0,0
MOTORCYCLES,ZERO,ZERO SR ZF,SCOOTER,LITHIUM-ION,14.4,0,0,0,0,0,0,0,0,0,0,0,0,0
MOTORCYCLES,ARTISAN,ARTISAN ES1-PRO,SCOOTER,LITHIUM-ION,8,5,13,0,0,0,0,0,0,0,0,0,0,18
MOTORCYCLES,ARTISAN,ARTISAN EVO,SCOOTER,LITHIUM-ION,17,5,5,16,0,0,0,0,0,0,0,0,0,26
MOTORCYCLES,EFUN,EFUN TIGER,SCOOTER,LITHIUM-ION,3.2,8,0,0,0,0,0,0,0,0,0,0,0,8
MOTORCYCLES,E-MAX,E-MAX VSA,SCOOTER,LITHIUM-ION,1.8,0,0,0,0,0,0,0,0,0,0,0,0,0
MOTORCYCLES,ENERGICA,ENERGICA EVA,SCOOTER,LITHIUM-ION,21.5,0,0,0,0,0,0,0,0,0,0,0,0,0
MOTORCYCLES,HARLEY-DAVIDSON,HARLEY-DAVIDSON ELW,SCOOTER,LITHIUM-ION,15.5,34,38,13,0,0,0,0,0,0,0,0,0,85
MOTORCYCLES,TROMOX,TROMOX MINO,SCOOTER,LITHIUM-ION,3.2,6,0,0,0,0,0,0,0,0,0,0,0,6
MOTORCYCLES,VMOTO,VMOTO SOCO TS,SCOOTER,LITHIUM-ION,1.8,17,13,6,37,5,0,0,0,0,0,0,0,78
MOTORCYCLES,ZERO,ZERO DS ZF,SCOOTER,LITHIUM-ION,7.2,0,0,0,0,0,0,0,0,0,0,0,0,0
MOTORCYCLES,ZERO,ZERO DSR ZF,SCOOTER,LITHIUM-ION,14.4,7,0,0,13,0,0,0,0,0,0,0,0,20
MOTORCYCLES,ZERO,ZERO FXS ZF,SCOOTER,LITHIUM-ION,7.2,35,24,5,5,0,0,0,0,0,0,0,0,69
MOTORCYCLES,ARTISAN,ARTISAN EV 1200,SCOOTER,LITHIUM-ION,4.8,0,0,0,12,18,5,0,0,0,0,0,0,35
MOTORCYCLES,BMW,BMW C EVOLUTION,SCOOTER,LITHIUM-ION,12.7,0,8,11,30,35,10,18,17,0,0,0,0,129
MOTORCYCLES,ECOOTER,ECOOTER E1,SCOOTER,LITHIUM-ION,1.9,0,21,0,0,0,0,0,0,0,0,0,0,21
MOTORCYCLES,ERIDER,ERIDER B2000,SCOOTER,LITHIUM-ION,2.4,0,0,0,18,27,0,0,0,0,0,0,6,51
MOTORCYCLES,ERIDER,ERIDER B3000,SCOOTER,LITHIUM-ION,3.6,0,0,0,0,0,0,0,0,0,0,0,14,14
MOTORCYCLES,ERIDER,ERIDER T4000,SCOOTER,LITHIUM-ION,4.8,0,0,0,0,0,0,0,0,0,0,5,5,10
MOTORCYCLES,LIFAN,LIFAN LF 1200,SCOOTER,LITHIUM-ION,1.9,0,16,57,0,0,0,0,0,0,0,0,0,73
MOTORCYCLES,LVNENG,LVNENG LN,SCOOTER,LITHIUM-ION,1.6,18,6,0,0,0,0,0,0,0,0,0,0,24
MOTORCYCLES,NIU,NIU NGT,SCOOTER,LITHIUM-ION,2.7,0,57,163,0,0,0,0,0,0,0,0,0,220
MOTORCYCLES,SAITING,SAITING ST,SCOOTER,LITHIUM-ION,2.8,0,0,0,0,0,0,0,0,0,12,0,0,12
MOTORCYCLES,SCUTUM,SCUTUM S,SCOOTER,LITHIUM-ION,4.9,0,0,6,0,7,106,0,0,0,0,0,0,119
MOTORCYCLES,TORROT,TORROT MUVI,SCOOTER,LITHIUM-ION,1.8,0,0,0,25,23,0,0,0,0,0,0,0,48
MOTORCYCLES,VECTRIX,VECTRIX MAXI SCOOTER,SCOOTER,LITHIUM-ION,13,0,0,0,0,0,0,0,0,0,0,0,5,5
MOTORCYCLES,VMOTO,VMOTO VT 120,SCOOTER,LEAD-ACID,0.7,38,0,104,64,0,0,0,0,0,0,0,0,206
MOTORCYCLES,WK BIKES,WK BIKES E-COLT,SCOOTER,LITHIUM-ION,2.4,0,12,0,0,0,0,0,0,0,0,0,0,12
MOTORCYCLES,YAMAHA,YAMAHA ED,SCOOTER,LITHIUM-ION,0.5,0,0,0,0,0,0,32,62,20,41,0,0,155
MOTORCYCLES,YINHUA,YINHUA TDR,SCOOTER,LEAD-ACID,0.72,0,0,0,0,0,0,23,0,0,0,0,0,23
OTHER VEHICLES,LEVC,LEVC TX,SEDAN,LITHIUM-ION,31,1103,943,2132,1197,0,0,0,0,0,0,0,0,5375
OTHER VEHICLES,NISSAN,NISSAN NV200,MINIVAN/VAN,LITHIUM-ION,40,94,66,10,0,0,0,0,0,0,0,0,0,170
